Business,City,Owner,Title,Source,Note,Adjust,Exclude,Website,Phone
Airco Service,Tulsa,Tom Boyce,President,web search 2026-09-25 (LinkedIn/Tulsa People: Boyce family, founded 1961; Austin Boyce GM sales),family-owned since 1961; large multi-city operation,,,
Air Assurance,Tulsa,David Rampey,President / co-owner,web search 2026-09-25 (LinkedIn; Tulsa World interview),family-owned since 1985 (Mike & Narissa Rampey); HQ Broken Arrow,0,,,
Mullin Plumbing HVAC & Septic,Tulsa,Rob Morris,CEO,web search 2026-09-25 (mullininc.com/about-us; Ray Trimble COO),sold to private-equity firm CenterOak Partners in 2021: decision likely not local,-6,,,
Hendrick Heat Air & Plumbing,Tulsa,Justin Hendrick,Owner,web search 2026-09-25 (LinkedIn/Crunchbase; BBB lists Shelby Hendrick),owner since 2020,0,,,
Torch Plumbing Heating and Cooling,Tulsa,Josh Hutchinson,Owner,web search 2026-09-25 (torchservices.com/about-us; LinkedIn),founded 2009; based in Owasso,0,,,
Arrowhead Roofing,Tulsa,Mark Richards,Founder / President,web search 2026-09-25 (Facebook post 'meet the founder'; BBB),owners: Mark Richards; Andy Anderson; Spencer Haines; founded 1987,0,,arrowheadroofing.com,
Air Solutions Heating Cooling Plumbing Electric,Tulsa,Kieth Hilligoss,Owner,web search 2026-09-25 (LinkedIn; Tulsa Chamber),family-owned since 1997; several listed owners (K. Hilligoss; L. L. T.; J. L.; B. V.),0,,callairsolutions.com,
Air Comfort Solutions,Tulsa,Ron Gregory,CEO,web search 2026-09-25 (LinkedIn: Judy Gregory business owner),Tulsa + Oklahoma City locations; very large; TV advertiser,-3,,aircomfortsolutions.net/tulsa,
Quality Heating Cooling Plumbing & Electric,Tulsa,Oscar Pound,Co-owner,web search 2026-09-25 (PR Newswire; quality-hc.com/about-us/our-history; Cassie Pound VP/co-owner),founded 2014 by Oscar & Cassie Pound; has acquired other local companies,0,,,
Half Moon Plumbing & Electric,Tulsa,Dustin Mitchell,Owner,web search 2026-09-25 (Facebook 'meet our owner'; Value News),runs it with wife Tiffany; Owasso based; since 2007,0,,halfmoonplumbing.com,
Murray Electric & Plumbing,Tulsa,Ray Trimble,Owner,web search 2026-09-25 (BBB: Murray Electrical Services LLC; employee-owned),same Ray Trimble is COO of Mullin: likely part of the Mullin group,-3,,,
Duvall Plumbing Heating and Cooling,Tulsa,,,web search 2026-09-25,family-run but acquired by HomeTown Services on 2023-09-11: decision likely not local,-6,,,
Conrad's Roofing,Tulsa,Kenneth Conrad,Owner,web search 2026-09-25 (LinkedIn/ZoomInfo; Jordan Conrad President),third-generation roofer; est. 2011,0,,conradsroofing.com,
Maston's Plumbing & Drain,Tulsa,Cale Forester,Owner,web search 2026-09-25 (BBB profile listing),veteran-owned; family-owned,0,,,
ProThermal Heating and Cooling,Tulsa,David Coker,Owner,web search 2026-09-25 (LinkedIn; HVAC Insider),acquired by Rocket Group (national): decision likely not local,-6,,,
ASAP Heating & Air,Tulsa,,,web search 2026-09-25,owner not confirmed (a directory lists David Polk; site text mentioned Jay Matlock): ask for the owner,0,,asapheatandair.com,
American Home Pros,Tulsa,Cody Dampf,President / co-owner,web search 2026-09-25 (americanhomepros.com/about),Marine veteran; co-owned since 2016; Jenks/Tulsa,0,,,
Watt's Right Electric,Tulsa,Allen Black,Owner,web search 2026-09-25 (BBB profile listing),family owned and operated,0,,,
Infinity Plumbing Services,Tulsa,Jared Coe,Owner / President,web search 2026-09-25 (LinkedIn; infinityplumbingservices.com/our-story),founded 2012; Broken Arrow,0,,,
Shamrock Roofing and Construction,Tulsa,Garen Armstrong,Owner (HQ Kansas City); Tom McMahon GM,web search 2026-09-25 (shamrockroofer.com blog; BBB),HQ is in Kansas City and Tulsa is a branch office: local buying decision unlikely,-5,,,
A Best Air,Tulsa,Kenny Green,Owner,web search 2026-09-25 (abestairtulsa.com/about; reviews name Kenny & Tammy Green),family owned since 2009,0,,,
Comfort Class Chimney & Air Service,Tulsa,Richard Tattershall,Owner,web search 2026-09-25 (comfortclasschimneysandairservice.com/about-us),chimney + HVAC; Skiatook based; since 2006,0,,,
Combat Roofing & Restoration,Tulsa,,,web search 2026-09-25 (combatroofing.com),owner is a Marine veteran; name not published: ask for the owner,0,,,
TemperaturePro Tulsa,Tulsa,Wade Welborn,Owner (franchisee),web search 2026-09-25 (BBB profile listing; temperaturepro.com),TemperaturePro franchise; locally owned; 2 locations,0,,,
All American Roofing,Tulsa,Michael Cagle,President,web search 2026-09-25 (LinkedIn; BBB lists Neil Cagle President),family business; Tulsa + Oklahoma City,0,,,
Wooten Knockout Plumbing LLC,Tulsa,Bradley Wooten,Owner,web search 2026-09-25 (wootenknockoutplumbing.com/about),family plumbing lineage; Tulsa + Stillwater,0,,wootenknockoutplumbing.com,
1st Priority Roofing,Tulsa,Josh Murdock,Owner,web search 2026-09-25 (LinkedIn; BBB lists Sheryl Watts co-owner),Owens Corning Platinum; since 2010,0,,,
Tier-One Roofing,Tulsa,Jonathan Marsh,Owner,web search 2026-09-25 (tier-oneroofing.com/meet-the-owner),veteran owned; since 2014,0,,tier-oneroofing.com,
Waybright Electric,Tulsa,James Crews,Owner,web search 2026-09-25 (BBB; callwaybright.com),Broken Arrow based,0,,,
Howe Inc,Sioux Falls,Justin Howe,President (4th generation),web search 2026-09-25 (howeinc.com/our-company; LinkedIn Ron Howe owner),founded 1940; family owned; also commercial/fire sprinkler,0,,,
Skradski Heating & Cooling,Omaha,Corey Skradski,Owner (3rd generation),web search 2026-09-25 (heatomaha.com/about; Omaha Magazine),family owned since 1951,0,,,
Star City Heating Cooling Electrical & Plumbing,Lincoln,Keith McRoberts,Former co-owner,web search 2026-09-25 (PitchBook; Strictly Business),acquired by Burton A/C on 2021-03-01: decision not local,0,,,
Reddi Industries,Wichita,Tommy Steven,President / owner (with Zack Steven),web search 2026-09-25 (reddi.com blog; ZoomInfo),family owned 50+ years; multi-service (electric/plumbing/rooter/appliance); acquires small local firms,0,,,
Omaha Drain,Omaha,Rod Chfat,Owner,web search 2026-09-25 (omaha-drain.com/about-us),owner-run drain/plumbing,0,,,
Moose Roofing,Omaha,Pat Muhs,Founder / Owner,web search 2026-09-25 (mooseroofing.com; Omaha Magazine; Topher Greene also listed as owner),since 1996; 15;000+ roofs,0,,,
Getzschman Heating & Air Conditioning,Omaha,Scott Getzschman,Co-owner,web search 2026-09-25 (getzschman.com/about-us; Strictly Business),family owned since 1960; owners Scott & Ron Getzschman and Roger Pannier,0,,,
Royalty Roofing,Omaha,Nick Bermel,Owner / CEO,web search 2026-09-25 (royaltyroofing.org/our-team; LinkedIn),founded 2010,0,,,
Turtle Roofing,Omaha,Shawn Seevers,President / founding owner,web search 2026-09-25 (turtleroofing.com/team; BBB),co-founder Conrad Kaminsky CEO; family owned,0,,,
Hans Heating & Air Conditioning Inc.,Omaha,Russ Hans,Owner / President,web search 2026-09-25 (LinkedIn; BBB),family owned,0,,,
Home Pride Contractors Inc.,Omaha,Michelle Ryan,President,web search 2026-09-25 (homepride.net/about; ZoomInfo),family owned since 1985,0,,homepride.net,
River City Heating Cooling & Plumbing,Omaha,Brad Goldenstein,Owner,licensed.contractors listing; datanyze; customer reviews name 'owner Brad',Owner runs the shop directly; ~90% repeat business; since 1986,-4,,,
Waterbury Heating & Cooling Inc.,Sioux Falls,Tom Stritecky,President / owner,web search 2026-09-25 (LinkedIn; waterburyheating.com/about),owner since 1991; multi-trade,0,,,
Moody Heating and Air Conditioning,Wichita,,,web search 2026-09-25 (moodyheatingandairconditioning.com/about-us),family owned since 1977; owner name not published: ask for the owner,0,,moodyheatingandairconditioning.com,
National Furnace & Air Conditioning,Lincoln,Jeff Chaloupka,Owner,web search 2026-09-25 (BBB profile listing; Bruce Hiller GM),,0,,,
Casey Nelson Exteriors,Omaha,Casey Nelson,Owner / founder,web search 2026-09-25 (LinkedIn; caseynelsonexteriors.com/about-us),Lincoln + Omaha; roofing/siding/windows,0,,,
Heyn Brothers Roofing,Sioux Falls,Aaron Heyn,CEO / Owner,web search 2026-09-25 (heynbrothers.com/about-us/our-team),locally owned 20+ years,0,,,
A-R Roofing & Exteriors,Wichita,,,web search 2026-09-25 (arroofing.com/about),family owned 20 years; owner name not published: ask for the owner,0,,arroofing.com,
Midwest Mechanical,Wichita,Shon Peterman,Owner,web search 2026-09-25 (coolwichita.com/about-us; Yelp),owner for nearly two decades,0,,,
Comfort Heroes Plumbing Heating Air & Electric,Sioux Falls,Alan Gentry,Owner / founder,web search 2026-09-25 (mycomfortheroes.com/about-us; BBB),family owned since 2014; multi-trade,0,,mycomfortheroes.com,
Gretna Plumbing & Drain Services,Omaha,John Ellis,Owner,web search 2026-09-25 (gretnaplumbing.com; PACER),company and owner filed for bankruptcy in 2025 (case 8:25-bk-80549),0,bankruptcy filing in 2025,,
All States Home Improvement,Wichita,Cris Keeter,Owner,web search 2026-09-25 (allstateshomeimprovement.com/about-us),family owned since 1992; roofing/siding/windows remodeler,0,,,
Major Drain,Lincoln,,,web search 2026-09-25 (majordrainomaha.com/about-us),"Omaha-based, serves Lincoln; family owned since 2012; owner name not published",0,,,
Xtreme Heating and Cooling,Omaha,Jerry Wewel,Owner,web search 2026-09-25 (LinkedIn; BBB),since 2012; also trades as Xtreme Mechanical,0,,,
Apollo Heating and Air,Omaha,Ben Micek,Co-owner (with Josh Phillips),web search 2026-09-25 (Omaha World-Herald 2020; apollohtg.com),family owned; Bellevue; owners since 2020,0,,apollohtg.com,
PlumbRite,Omaha,Matt Simet,Owner / founder,web search 2026-09-25 (plumbriteomaha.com/about-us; BBB),founded 2018; third-generation master plumber,0,,plumbriteomaha.com,
Viper Drain Cleaning - Plumber Council Bluffs,Omaha,Alex Hildenstein,Owner,web search 2026-09-25 (BBB; viperdraincleaning.com/about),Council Bluffs IA,0,,,
Bowers Plumbing Company,Wichita,Kendall Cooper,Owner,web search 2026-09-25 (LinkedIn; bowersplumbingcompany.com/about-us),family owned since 1955,0,,bowersplumbingcompany.com,
Reed's Plumbing Excavating Septic Heating & Air,Springfield,Titus Williams,Owner (Prosperiti Partners),web search 2026-09-25 (Springfield Business Journal),acquired by Titus Williams' Prosperiti Partners portfolio; founders retired,0,acquired: portfolio company of Prosperiti Partners,,
Black Hills Exteriors,Sioux Falls,Chad Enger,General Manager / owner,web search 2026-09-25 (BBB; bhexteriors.com),HQ Rapid City; Sioux Falls is a branch; SD + WY,-5,,,
Team Kline,Omaha,,,web search 2026-09-25 (teamkline.net/company),"400+ employees, 5 locations in 4 states, employee-owned, HQ Des Moines",0,regional operator with 400+ staff: Omaha branch cannot buy locally,,
Mike's & Sappio's Heating & Air,Wichita,,,web search 2026-09-25,family owned since 1967; owner name not published: ask for the owner,0,,mikes-sappios.com,
Gotta Guy Plumbing & Home Services,Wichita,Matthew Moore,Owner,web search 2026-09-25 (gotta-guy-services.com/about; BBB),locally owned,0,,,
McIntosh Plumbing,Omaha,Jason McIntosh,Owner,web search 2026-09-25 (mcintoshplumbing.com),Council Bluffs based; partners Ryan Miller and Justin Gray; founded 2006,0,,mcintoshplumbing.com,
D & K Heating & Air Conditioning,Omaha,Dick Kudlacek,Owner / founder (with Karen Kudlacek),web search 2026-09-25 (dkcomfort.com/about-us; BBB),family owned since 1977; day-to-day run by Dave,0,,dkcomfort.com,
John Henry's,Omaha,Lindsey Reinke,Owner,web search 2026-09-25 (Strictly Business: purchased from founders Jack & Deb Zohner in 2019),Lincoln-based; 75+ employees; very large,0,,jhlincoln.com/omaha-ne,
John Henry's Plumbing Heating Air and Electrical,Lincoln,Lindsey Reinke,Owner,web search 2026-09-25 (Strictly Business: purchased from founders Jack & Deb Zohner in 2019),75+ employees; very large; also advertises in Omaha,0,,jhlincoln.com,
WIREONE Electric,Omaha,Jake Wheeler,Founder / President,web search 2026-09-25 (LinkedIn; wireoneelectric.com),HQ Des Moines area; operates in 8+ cities across IA/NE/MO/WI: Omaha is a branch,-6,,,
On Time Plumbing Heating Cooling & Electric,Wichita,David Darrough,Owner,web search 2026-09-25 (ontimesvc.com/about),locally owned since 2004; large (4;300+ reviews),0,,ontimesvc.com,
All Pro Heating and Air Conditioning. Inc,Lincoln,Constantine Syniy,Owner,web search 2026-09-25 (BBB; Strictly Business),since 2009,0,,allprolincoln.com,
Winfrey Plumbing,Lincoln,Phil Winfrey,Owner (Nick Winfrey President),web search 2026-09-25 (winfreyplumbing.com/about/meet-the-team; LinkedIn),Omaha/Elkhorn based family company since 1962; serves Lincoln,0,,winfreyplumbing.com,
Larry Cook Heating and Cooling,Wichita,Larry Cook,President / Owner,web search 2026-09-25 (BBB; larrycookhvac.com),family company since 1970,0,,,
JTM Plumbing and Drain,Lincoln,Jon Miller,Owner (with Traci Miller),web search 2026-09-25 (LinkedIn; BBB),"Gretna/Omaha-based (743 N 120th St, Omaha); founded 2004 by master plumber Jon Miller; advertises into Lincoln",-2,,jtmplumbingservice.com,
Reaper Plumbing LLC,Wichita,David Gutierrez,Owner (with Michelle Gutierrez),web search 2026-09-25 (BBB),Veteran- and woman-owned; ~8 yrs,-4,,reaperplumbingllc.com,
Tickles Heating and Air,Wichita,Kenny Nutt,Owner,web search 2026-09-25 (ticklesheatingandair.com; HomeAdvisor),family owned,0,,ticklesheatingandair.com,
Eyman Plumbing Heating & Air,Omaha,Tom Eyman,President,web search 2026-09-25 (trusteyman.com/about; LinkedIn Terry Eyman owner),family owned since 1957,0,,trusteyman.com,
Luxury Comfort Solutions,Lincoln,Cesar Guerrero,Owner,web search 2026-09-25 (luxuryheatingandair.com/about-us),founded 2012 with Paula Guerrero,0,,,
Thermal Services Inc.,Omaha,Wade Mayfield,President,web search 2026-09-25 (ACCA board; BBB),since 1968; listed on northwindsservices.com/our-brands (TruArc Partners PE platform),0,private-equity platform: part of Northwinds Services Group (TruArc Partners),,
IGR Roofing,Tulsa,Mikel Marsh,CEO / Owner,web search 2026-09-25 (BBB: Integrity Group Roofing dba IGR),veteran owned,0,,,
Done Right Home Improvements,Omaha,Antonio Harrell,CEO,web search 2026-09-25 (RocketReach; LinkedIn),about 13 employees; BBB accredited since 2008,0,,,
Hometown Roofing,Omaha,Brett Huizenga,Owner,web search 2026-09-25 (hometownroofing.com/about),owner since Aug 2018; company 50+ years,0,,hometownroofing.com,
Bryant Air Conditioning Heating Electrical & Plumbing,Lincoln,,,web search 2026-09-25 (bryantlincoln.com/about-us; Bloomberg),employee-owned (ESOP) since 2004; 51-200 employees; no single owner: ask for the president/GM,-4,,bryantlincoln.com,
White Plumbing Heating & Air,Springfield,Robert Henson,President / owner,web search 2026-09-25 (whiteplumbingcompany.com/about-us),owners Robert & Julia Henson since 2019; founded 1989,0,,whiteplumbingcompany.com,
SS&B Heating & Cooling,Springfield,Jeremy Grisham,Owner,web search 2026-09-25 (ssbhc.com/about-us),bought the company in 2017; founded 1969,0,,ssbhc.com,
JR & Co.,Omaha,Jonathan Schilling,Owner (HQ Kansas City),web search 2026-09-25 (jrcousa.com/about; Roofing Contractor magazine),top-50 national commercial roofer with 7 locations; Omaha is a branch,0,multi-state operator (HQ Kansas City): Omaha branch cannot buy locally,,
Service HQ,Wichita,,,web search 2026-09-25 (theservicehq.com),locally owned; based in Augusta KS; owner name not published,0,,,
ANG Heating and Air Conditioning,Omaha,,,web search 2026-09-25 (angheatingandair.com/About),'Awful Nice Guys'; family owned; based in Blair NE; owner name not published,0,,angheatingandair.com,
Titanium HVAC,Omaha,Kevin Linn,Owner,web search 2026-09-25 (LinkedIn; titaniumomaha.com/about),opened 2016,0,,,
Dan's Heating and Cooling,Wichita,Michael McDowell,Vice President / co-owner (with Maureen Gile),web search 2026-09-25 (danshc.com/about),family owned since 1975,0,,danshc.com,
FireHouse Roofing Co.,Tulsa,Russ Hawkins,Owner / founder,web search 2026-09-25 (firehouseroofingco.com),retired Tulsa firefighter; founded 2017; Broken Arrow,0,,,
Eck Services,Wichita,Travis Eck,Owner,web search 2026-09-25 (eckelectric.com/our-story; ZoomInfo),owner-run but 6 locations and 140 staff across Kansas,-4,,eckelectric.com,
Simmons Plumbing Water Heater Repair & Drain Cleaning,Wichita,Keaton Simmons,Owner,web search 2026-09-25 (licensing records; simmonsplumbingwichita.com),family company since 1978; brother Andy Simmons,0,,simmonsplumbingwichita.com,
PD Plumbing Heating & Cooling,Wichita,Britt Moore,Founder / Owner,web search 2026-09-25 (pdplumbin.com/about-us),founded 2011,0,,pdplumbin.com,
Aire Serv of Sioux Empire,Sioux Falls,Allen Hallstrom,"Owner (franchisee, with Beth Hallstrom)",web search 2026-09-25 (aireserv.com/sioux-empire),Aire Serv franchise; veteran owned since 1997; same address as Mr. Electric of the Sioux Empire,0,,aireserv.com/sioux-empire,
Mr. Electric Of The Sioux Empire,Sioux Falls,Allen Hallstrom,"Owner (franchisee, likely; same address as Aire Serv of Sioux Empire)",web search 2026-09-25 (515 N Garfield shared with Aire Serv of Sioux Empire),Mr. Electric franchise; owner inferred from shared address: confirm on the call,0,,mrelectric.com/sioux-empire,
Mister Sparky of Wichita,Wichita,,,web search 2026-09-25,Mister Sparky (Authority Brands) franchise; local franchisee name not published,0,,,
Benjamin Franklin Plumbing of Wichita,Wichita,Jason Clark,Owner (franchisee),web search 2026-09-25 (Plumbing & Mechanical magazine),franchise; owner since 2013; company roots to 1950,0,,,
Aire Serv of Omaha,Omaha,Kevin Cargile,Owner (franchisee),web search 2026-09-25 (LinkedIn; BBB),Aire Serv (Neighborly) franchise; La Vista; since 2005,0,,,
Mr Rooter Plumbing Company of Wichita,Wichita,,,web search 2026-09-25,Mr. Rooter (Neighborly) franchise; locally owned 25+ years; franchisee name not published,0,,,
Mr. Electric of Wichita,Wichita,Patrick Roberts,Owner (franchisee),web search 2026-09-25 (LinkedIn),Mr. Electric franchise; master electrician; Bel Aire,0,,,
Mister Sparky Omaha,Omaha,,,web search 2026-09-25,Mister Sparky (Authority Brands) franchise; local franchisee name not published,0,,,
Mr. Electric of Tulsa,Tulsa,Jeremy Smith,President / co-owner (franchisee),web search 2026-09-25 (LinkedIn; BBB),franchisee group also runs Mr. Electric Norman/OKC and Molly Maid Tulsa: multi-brand operator,-3,,,
Mister Sparky,Tulsa,Aaron Hagan,"Franchisee (NW Arkansas, OKC, Tulsa)",web search 2026-09-25 (Mister Sparky franchise blog),multi-market franchisee; decision may sit in Arkansas,-4,,,
Mighty Dog Roofing of Tulsa,Tulsa,Drue (last name not published),"Owner (franchisee, with Lisa)",web search 2026-09-25 (mightydogroofing.com/tulsa-ok/about-us/meet-the-team),Mighty Dog Roofing franchise; Bixby; 20+ years construction,0,,,
Benjamin Franklin Plumbing of Omaha,Omaha,Scott Wood Jr.,Owner (franchisee),web search 2026-09-25 (Authority Brands blog; 1851franchise.com),Navy veteran; also owns One Hour Heating & Air of Omaha,0,,,
Lorenz Plumbing Heating and Air Conditioning,Springfield,Mike Polino,Owner,web search 2026-09-25 (Springfield Business Journal; lorenzphac.com/about),master plumber; with the company since 1988; Springfield + Branson,0,,lorenzphac.com,
Queen City Heating and Cooling,Springfield,Justan Layne,Owner,web search 2026-09-25 (LinkedIn; queencityhvac.com/about-us),Nixa based; in HVAC since 2004,0,,,
Midwest Roofing,Springfield,Josiah Mote,Owner,BBB; mwroofing.us/contact-us; rocketreach,HQ Eldon MO (573 area) with a Springfield office at 4440 W Helen St; since 2008,-2,,mwroofing.us,(417) 744-5670
Callahan Heating And Cooling,Springfield,Brett Callahan,Owner,web search 2026-09-25 (LinkedIn; Springfield Business Journal),Marine veteran; founded July 2022 (young company); Ozark MO,0,,callahanheatingandcooling.com,
Sustainable Heating & Air,Lincoln,Brandon (last name not published),Owner,web search 2026-09-25 (BBB: Sustainable Mechanical Inc),"based in Papillion (Omaha metro), advertises in Lincoln; since 2006",0,,,
Action Heating and Cooling,Wichita,Jack Gibbons,Owner,web search 2026-09-25 (action316hvac.com/about; BBB),locally owned,0,,,
aksarben Heating Air Conditioning & Plumbing,Omaha,,,web search 2026-09-25 (ars.com/aksarben-ars; LinkedIn 'aksarben / ARS'),operates as aksarben ARS: part of American Residential Services (national corporate),0,corporate-owned: aksarben is an ARS (American Residential Services) branch,,
Lazer Home Services Plumbing HVAC & Electrical,Des Moines,Bob Kamin,Owner,web search 2026-09-25 (ZoomInfo; BBB),established 2001; multi-trade,0,,lazerhomeservices.com,
Des Moines Comfort,Des Moines,,,web search 2026-09-25 (desmoinescomfort.com),family owned 20+ years; owner name not published: ask for the owner,0,,,
Lenz Heating and Cooling,Des Moines,Al Lenz,Owner / founder,web search 2026-09-25 (lenzmechanical.com/about-us; LinkedIn),Marine Corps veteran; Urbandale; family owned,0,,,
Holt Plumbing & Heating Inc.,Des Moines,,,web search 2026-09-25 (holtplumbingandheating.com),"Holt family company since 1947; chamber listings now show it operating under the 72 Degrees brand (same phone 515-965-7272 as 72 Degrees, Kendel Richlen) - confirm on the call; may be the same buyer as 72 Degrees",-2,,holtplumbingandheating.com,
72 Degrees Heating Cooling Plumbing & Electrical,Des Moines,Kendel Richlen,Owner (with Julie Richlen),web search 2026-09-25 (BBB; 72degrees.com),established 1992; Ankeny,0,,,
True Comfort Heating and Cooling,Des Moines,Jonathan Marchand,Owner,web search 2026-09-25 (truecomfortiowa.com/our-team; LinkedIn),family run with sons Logan and Nathan and wife Sarah,0,,,
Lozier Heating and Cooling,Des Moines,Jon Edelen,President,web search 2026-09-25 (BBB; RocketReach lists Gary Pennington),locally owned since 1906; West Des Moines,0,,lozierheatingcooling.com,
Bell Brothers Heating Cooling & Plumbing,Des Moines,Jason Gassmann,President / sole owner,web search 2026-09-25 (Business Record; bellbrothers.com),bought from his father Chuck Gassmann; large (4;400+ reviews),0,,,
Bakeris Roofing,Des Moines,Jeff Bakeris,Owner / founder,web search 2026-09-25 (iowaroof.com/who-we-are; BBB),founded 1990; family owned,0,,,
Eklund Heat and Air,Tulsa,William Eklund,Owner (with Kimberly Eklund),web search 2026-09-25 (BBB; eklundservices.com/about-us),founded 2010; Owasso,0,,eklundservices.com,
Billings Roofing & Solar Inc,Tulsa,Chris Billings,President,web search 2026-09-25 (BBB; billings.construction/our-team),family owned since 2011,0,,billings.construction,
PrairieSons,Sioux Falls,Frank Howe,Owner / founder,web search 2026-09-25 (prairiesons.com/about; KELOLAND),founded 2009; Brandon SD; family business,0,,prairiesons.com,
J&K Exteriors,Lincoln,Kenny Blair,Owner,web search 2026-09-25 (LinkedIn; BBB),roofing and gutters; Lincoln,0,,,
RCS Electric,Tulsa,Craig Shaull,Owner,web search 2026-09-25 (rcselectric.com/about),in business since 1983; based in Bristow OK,0,,,
Bear Electric LLC,Lincoln,Ryan Matthiessen,Owner-operator,web search 2026-09-25 (LinkedIn; BBB),started 2020 with partner Gina,0,,,
AndPro Plumbing,Tulsa,Andrew (last name not published),Owner,web search 2026-09-25 (andproplumbing.com testimonials),Claremore/Owasso based,0,,andproplumbing.com,
Guardian Plumbing,Omaha,,,web search 2026-09-25 (callguardianplumbing.com/about),veteran owned; about two years old; formerly CW Plumbing; owner name not published,0,,callguardianplumbing.com,
Crockett Heating and Air,Wichita,Doug Crockett,Owner,web search 2026-09-25 (LinkedIn; BBB),family owned,0,,crocketthvac.com,
Graf Electric,Wichita,David Graf,Owner,web search 2026-09-25 (LinkedIn; grafelectric.com/about),since 1968,0,,,
Solid Roofing of Broken Arrow,Tulsa,Joey Uphold,Owner,web search 2026-09-25 (BBB),"Family-owned since 2009, founded by former insurance adjusters; crews in Tulsa, Broken Arrow, Bartlesville, Edmond",0,,solidroofs.com,
Genesis 1:3 Electric LLC,Tulsa,Ted LaBombarbe,Owner,web search 2026-09-25 (g13e.com/about),founded 2011; wife Kristine runs operations,0,,,
Ball Heating and Air Conditioning Inc,Wichita,Cynthia Ball,Owner,web search 2026-09-25 (LinkedIn),Andover KS (Wichita metro); since 1985,0,,ballheatingandair.com,
Caniglia Heating & Cooling Inc,Lincoln,Jim Caniglia,Owner / President,web search 2026-09-25 (BBB; ZoomInfo),Gretna/Omaha-based; advertises into Lincoln,-2,,canigliahvac.com,
Bright Idea Electrical,Omaha,,,web search 2026-09-25 (brightideaelectricalomaha.com),family owned; owner name not published,0,,,
Titan Mechanical,Wichita,Payton Sporleder,CEO / Owner,web search 2026-09-25 (BBB),LLC formed Jan 2023: young company; also commercial refrigeration/kitchen hoods,0,,,
Golden Rule Plumbing Heating Cooling & Electrical,Des Moines,Mark Paup,President / Owner,web search 2026-09-25 (WHO13 'meet the owners'; LinkedIn),"Grimes IA; 8,000+ reviews across platforms: large local operation",0,,goldenrulephc.com,
Schaal Plumbing Heating and Cooling,Des Moines,Randy Keys,President / co-owner (with Dennis Lane),turnpointservices.com/turnpoint-brands,Listed as a TurnPoint Services brand (private-equity platform); also operates in Iowa City / Cedar Rapids,0,TurnPoint Services (private-equity platform) brand,callschaalyaall.com,
Schaal Electric Plumbing Heating & Cooling,Des Moines,Randy Keys,President / co-owner (with Dennis Lane),web search 2026-09-25 (ServiceTitan story; Facebook),same company as Schaal Plumbing Heating and Cooling,0,,,
"Service Legends Heating, Cooling, Plumbing & Indoor Air",Des Moines,Brian Leech,Owner / founder,web search 2026-09-25 (LinkedIn; Certain Path podcast),since 1997; about $6.7M revenue; large,0,,servicelegends.com,
Clog Busters Drain Cleaning & Repair,Des Moines,Jarod Smith,Owner,web search 2026-09-25 (BBB; clogbusters.co),since 2021; also North Liberty and Grand Rapids locations,-2,,,
Integra Electrical Residential Electrician,Des Moines,Ben Carpenter,CEO,web search 2026-09-25 (LinkedIn),family owned since 2006; Indianola,0,,integraelectrical.co,
Custom Electrical Services,Des Moines,Ron Mealey,Owner / founder,web search 2026-09-25 (customelectricalia.com/about),master electrician; founded 2005,0,,,
Modern Heating & Air,Des Moines,Jacob Burkhart,Owner,web search 2026-09-25 (BBB; LinkedIn),established 2010,0,,,
Thrasher Service Corp,Des Moines,Jim Thrasher,Owner (with Connie Thrasher),web search 2026-09-25 (thrasherservice.com/about),family owned since 1978; 18 employees,0,,,
Heartland Roofing Siding and Solar,Des Moines,Adam Olson,Owner,web search 2026-09-25 (LinkedIn; heartlandroofingandsiding.com/locations),locations in Iowa and Minnesota,-3,,heartlandroofingandsiding.com/locations,
Rewired Iowa Electrician Des Moines,Des Moines,John Senn,Owner / founder,web search 2026-09-25 (rewirediowa.com),master electrician; owner on the tools,0,,,
H & H Plumbing Inc,Des Moines,Chris Hansen,Owner / founder,web search 2026-09-25 (handhplumbing.net/about-us),since 2003; Granger,0,,handhplumbing.net,
Deaver Electric Inc.,Des Moines,Travis Deaver,Owner,web search 2026-09-25 (LinkedIn; Facebook),sole owner since 2004; Grimes,0,,,
Arc Electric,Des Moines,Rees Christensen,Owner,web search 2026-09-25 (BBB),Grimes,0,,,
Neighbors Heating Cooling Plumbing Geothermal & Radon,Des Moines,Valerie Miller,Owner,web search 2026-09-25 (neighborscomfort.com/about-us; BBB lists Jason Miller and Rich Berends),based in Ames (outside the metro); since 1986,-2,,neighborscomfort.com,
Metro Heating and Cooling,Des Moines,Joe Tollari,President,web search 2026-09-25 (metrohci.com/about; LinkedIn Joey Tollari),family owned since 1984; son of founder,0,,,
Premier Roofing & Exteriors,Grand Rapids,,,web search 2026-09-25 (exteriorsbypremier.com),family owned since 2006; Grandville; serves several Michigan cities; owner name not published (reviews mention Mike and Dave Gater),-2,,exteriorsbypremier.com,
Victors Home Solutions,Grand Rapids,Victor Smolyanov,Owner / founder (HQ Canton MI),web search 2026-09-25 (Roofing Contractor magazine; BBB),multi-state operator across Michigan and Ohio; Grand Rapids is a branch,0,multi-state operator (HQ Canton MI): local branch cannot buy,,
Guns N Hoses Roofing & Siding,Grand Rapids,,,web search 2026-09-25 (gunsnhosesllc.com),based in Flushing/Flint MI and advertises in Grand Rapids; owner name not published,-3,,gunsnhosesllc.com,
Infinity Home Improvement,Grand Rapids,Bob Heilman,President,web search 2026-09-25 (RocketReach; infinityhi.com),"Grand Rapids HQ with Lansing, Kalamazoo and Jackson offices",-2,,infinityhi.com,
Above Roofing,Grand Rapids,-,,aboveroofing.com/about,"Family-owned since 1996, Jenison MI; owner name not published: ask for the owner",0,,,
Summit Point Roofing,Grand Rapids,Joe Westra,Co-owner (with John Van Wylen),web search 2026-09-25 (Issuu feature; summitpointroofing.com),Ada MI,0,,,
Home Pro Roofing,Grand Rapids,Shannon Eifert,President,web search 2026-09-25 (DBusiness; SBIA deal announcement),"acquired by Aligned Exteriors Group (NY, Monroe Capital backed)",0,acquired by private-equity-backed Aligned Exteriors Group,,
Mr. Roof Grand Rapids,Grand Rapids,Ryan Huyghe,President/CEO (Mr. Roof corporate),web search 2026-09-25 (mrroof.com/about; BBB),Mr. Roof is a multi-state company owned by Crane Group since 2007,0,national operator: Mr. Roof (Crane Group) branch,,
Melvin Belk Roofing Contractors LLC,Grand Rapids,Melvin Belk,President / Owner,web search 2026-09-25 (BBB; melvinbelkroofing.com/about-us),family owned since 1983,0,,melvinbelkroofing.com,
Armored Roofing and Construction,Grand Rapids,David Strotheide,President / Owner,web search 2026-09-25 (BBB; armoredroofs.com/about-us),third-generation remodeler; Byron Center,0,,,
Service Professor,Grand Rapids,Brad Krause,President,web search 2026-09-25 (Crain's Grand Rapids; Sprinkler Nerd podcast 'exit to private equity'),acquired Dec 2021 by Atrium Home Services (private-equity platform),0,acquired by private-equity platform Atrium Home Services (2021),,
Grapids Heating & Cooling,Grand Rapids,Nathan Engelsma,Owner / President,web search 2026-09-25 (LinkedIn; BBB),trades as Grapids Home Services; large (5;600+ reviews),0,,,
Vander Hyde Service,Grand Rapids,Kevin Vander Hyde,President,web search 2026-09-25 (BBB; ACHR News),second-generation family company since 1989,0,,vanderhyde.com,
Canfield Heating Cooling Plumbing & Electrical,Grand Rapids,Greg Canfield,President / founder (with Deb Canfield),web search 2026-09-25 (BBB; canfieldph.com/about),founded 1994; Lowell MI,0,,canfieldph.com,
Peak Heating and Cooling,Grand Rapids,Angel Ochoa,Co-owner (with Juan Ochoa),web search 2026-09-25 (peakheatingcooling.com/about-us/our-story; LinkedIn Adan Ochoa CEO),family owned since 2019; five brothers; also serves Illinois,0,,,
Pro-Tech Heating & Cooling,Grand Rapids,Andris Purvins,President (Lisa Purvins VP),web search 2026-09-25 (BBB),family owned,0,,,
"Penning Plumbing, Heating, Cooling, & Electric",Grand Rapids,Richard Penning,President,web search 2026-09-25 (BBB; penningplumbing.com/about),third generation; since 1917,0,,penningplumbing.com,
Lake Michigan Heating Cooling Plumbing,Grand Rapids,Daniel VanderHyde,Owner / founder,web search 2026-09-25 (lakemihcp.com/meet-the-team; LinkedIn),founded 2015; Walker MI,0,,lakemihcp.com,
Crome Mechanical Heating & Cooling,Grand Rapids,Todd Hurst,Owner,web search 2026-09-25 (BBB),family owned; Cedar Springs MI,0,,,
Blakeslee & Son Inc.,Grand Rapids,Brian Lovall,President,web search 2026-09-25 (RocketReach; blakesleeandson.com/our-story),third-generation family company since 1948; Rockford MI,0,,blakesleeandson.com,
RX Comfort Heating & Air Conditioning,Grand Rapids,Adam Lynds,Owner / founder,web search 2026-09-25 (rxcomfort.com/about),founded 2012; Grandville,0,,,
GRmetro Heating and Cooling,Grand Rapids,Dwight Engelsma,President,web search 2026-09-25 (BBB; grmetroheatingandcooling.com/about),30+ years in HVAC,0,,grmetroheatingandcooling.com,
Amp Electric Heating & Air,Grand Rapids,Joseph Cutshall,Owner / President (Katie Cutshall co-owner),web search 2026-09-25 (BBB; LinkedIn),family owned since 2009,0,,ampelectrichvac.com,
Vredevoogd Heating & Cooling,Grand Rapids,Michael Vredevoogd,Co-owner (family),web search 2026-09-25 (PitchBook; North Branch Capital merger announcement),acquired April 2020 by Heartland Home Services (North Branch Capital PE platform); 12;000+ reviews,0,acquired by private-equity platform Heartland Home Services (2020),,
Simple Heating and Air,Grand Rapids,Wayne Weeks,President,web search 2026-09-25 (BBB),Belmont MI,0,,,
Bergsma Plumbing LLC,Grand Rapids,Joseph Bergsma,Owner,web search 2026-09-25 (LinkedIn; bergsmaplumbing.com/about-us),family owned since 2007; Comstock Park,0,,bergsmaplumbing.com,
Ottagan Plumbing Incorporated,Grand Rapids,Rodney Briskorn,President (Lisa Briskorn co-owner),web search 2026-09-25 (BBB; ZoomInfo),based in Holland MI,0,,ottagan-plumbing.com,
West Michigan Septic Sewer and Drain,Grand Rapids,Terry Kiel,Owner / founder,web search 2026-09-25 (Facebook; wmssd.com),based in Muskegon (about 40 miles from Grand Rapids); family owned since 1987,-3,,wmssd.com,
NSP Plumbing,Grand Rapids,Nate (last name not published),Owner / founder,web search 2026-09-25 (needsomeplumbing.com/about-nsp),founded 2021; Wyoming MI,0,,needsomeplumbing.com,
Butler's Rooter LLC,Grand Rapids,Lesley Butler,Owner,web search 2026-09-25 (LinkedIn; butlersrooterllc.com/about),established 2017; Kentwood,0,,butlersrooterllc.com,
Rock Service Pros,Grand Rapids,Michael Butcher,Owner (HQ Livonia MI),web search 2026-09-25 (BBB),"HQ Livonia MI (Detroit area), serves 50+ Michigan communities; Grand Rapids is a remote market",-5,,rockservicepros.com,
Great Lakes Plumbing Services LLC,Grand Rapids,Mark DeVisser,Owner,web search 2026-09-25 (LinkedIn; BBB),based in Holland MI since 2000,0,,,
Whitney Services,Grand Rapids,,,web search 2026-09-25 (callwhitney.com),fourth-generation Whitney family company; also operates in Florida; owner name not published,-2,,,
Flat River Electric LLC,Grand Rapids,Mike Lott,Owner,web search 2026-09-25 (LinkedIn),Lowell MI,0,,,
AIC Roofing & Construction Inc,Lexington,Blaine Adams,President / founder,web search 2026-09-25 (LinkedIn; aicroofing.com),"founded 2003; Lexington, Louisville and Richmond offices",0,,,
Fahey Roofing + Contracting,Lexington,Joshua Fahey,Owner,web search 2026-09-25 (faheyroofingcontractors.com/about),HQ South Point OH; KY office in Versailles; multi-state (WV/OH/KY),-3,,faheyroofingcontractors.com,
A Godsend Roofing LLC,Lexington,Darrell Whitlock,Owner,web search 2026-09-25 (BBB; LinkedIn),Since 2006; Mon-Sat 7-7 with 24h emergency line,0,,agodsendroofing.net,
V.C. Veterans Contracting LLC,Lexington,,,web search 2026-09-25 (veteranscontractingllc.com),"offices in Lexington, Richmond and Louisville; owner name not published",-2,,veteranscontractingllc.com,
Pinnacle Roofing,Lexington,Joey Duff,Co-owner,web search 2026-09-25 (BBB; Commerce Lexington lists Brett Cantrell),"veteran owned; offices in Lexington, Louisville, Richmond, Shelbyville",-2,,,
Teal Ridge Roofing and Exteriors in Lexington,Lexington,Scott Henderson,President,web search 2026-09-25 (BBB Columbus OH),Columbus OH based (formerly Empire Roofing); Lexington is a branch,-5,,,
Ideal Roofing of KY,Lexington,,,web search 2026-09-25 (idealrestorationky.com),owner name not published; Frankfort/Georgetown/Lexington,0,,idealrestorationky.com,
KRC Roofing and Construction,Lexington,Rex Toler,Owner,web search 2026-09-25 (LinkedIn; BBB Louisville),Louisville based; Lexington is a service area,-4,,,
Legacy Renovations,Lexington,Luis Morales Vasquez,Owner,web search 2026-09-25 (BBB),family owned; general contractor and roofing,0,,,
Best Choice Roofing,Lexington,,,web search 2026-09-25 (bestchoiceroofing.com/locations),national brand with 80+ locations in 25 states (founded by Wayne Holloway); local decision unlikely,0,national chain: Best Choice Roofing (80+ locations),,
Fayette Heating & Air,Lexington,,,trivest.com; turnpointservices.com,Trivest (private equity) add-on acquisition for Dauenhauer; now a Turnpoint Services brand,,acquired by private-equity platform Turnpoint Services / Trivest,,
Dauenhauer Plumbing Heating Air & Electric,Lexington,,,trivest.com,Trivest (private equity) platform company; Louisville HQ,,private-equity platform (Trivest / Turnpoint Services),,
Absolute Services,Lexington,Vince Heuser,Owner / Founder,servicetitan.com success story; linkedin,"Louisville HQ, Inc. 5000, ~$10M+; Lexington is a branch office; ~5k reviews shared across brands",-6,,,
Absolute Plumbing & Drains,Lexington,Vince Heuser,Owner / Founder,servicetitan.com success story,Same company as Absolute Services (Louisville HQ); separate LSA account per trade,-6,,,
Absolute Electrical,Lexington,Vince Heuser,Owner / Founder,servicetitan.com success story,Same company as Absolute Services (Louisville HQ); separate LSA account per trade,-6,,absoluteservices.net,
Comfort Heating & Air,Lexington,,,ars.com/comfort-heating-and-air,Operates as an ARS / Rescue Rooter brand (national corporate operator),,national corporate operator: ARS / Rescue Rooter brand,,
"Bryant Heating, Cooling, Plumbing & Electric",Lexington,Jackie Schembari,Co-Owner (Lexington),callbryant.com/meet-the-team; BBB,"Family-owned (Schembari), Louisville HQ, locations in Louisville/Lexington/Florence/Evansville; large multi-metro operation",-5,,callbryant.com,
GreenBox Home Services,Lexington,,,contractormag.com; globenewswire.com,Acquired by Heartland Home Services (PE-backed) April 2022,,acquired by private-equity platform Heartland Home Services (2022),,
Southern Comfort Heating & Cooling LLC,Lexington,Matt Helgerson,Founder / Owner,southerncomfortky.com/meet-our-team,"Founded 2010 by HVAC master tech; family-owned, locally managed",2,,southerncomfortky.com,
Jeffries Heating & Air + Plumbing & Electric,Lexington,Courtney Jeffries,Founder / Owner,linkedin; BBB (Somerset KY),HQ Somerset KY; Lexington is a branch market,-3,,,
"Tom Drexler Plumbing, Air & Electric",Lexington,,,pitchbook.com,Acquired April 2022 by Len The Plumber (private-equity backed); Louisville HQ,,acquired by private-equity backed Len The Plumber (2022),,
Arronco Comfort Air,Lexington,Andrew Wolfe,Owner / President,arronco.com/about/our-team,"Family-owned 2nd generation (since 1984); HQ Burlington KY, Lexington is a branch",-4,,arronco.com,
Sweet Life Heating & Cooling,Lexington,Jay Royer,Owner,BBB; callsweetlife.com,"Formerly Poston Brothers (since 1965); HQ Frankfort/Florence KY, multi-location",-3,,callsweetlife.com,
Apex Solutions,Lexington,Zach Gammon,Owner,BBB; apexplumbingky.com,"Locally owned since 2009; HQ Danville KY, Lexington office",-1,,apexplumbingky.com,
Clog Busterz,Lexington,Devin Tackett,Owner,BBB; clogbusterzplumbing.com,"Locally owned, Richmond KY (Lexington metro)",1,,clogbusterzplumbing.com,
Peterman Brothers Heating Cooling Plumbing,Lexington,,,ibj.com; petermanhvac.com,"Greenwood IN family-owned, ~$100M multi-state operation with call center; Lexington is an expansion branch that cannot make its own buying decision",,"large multi-state operator (Peterman Brothers, Greenwood IN, ~$100M); Lexington branch",,
Doctor Electric,Lexington,Mory Belle,Co-Owner / Founder,docelectric.com/about,Founded by co-owners Mory and Clarissa Belle; women-owned,2,,docelectric.com,
"Elite Performance Plumbing, Drain Cleaning, and Water Heaters",Lexington,Jacob Ginter,Business Manager,BBB; eliteperformanceplumbingky.com,Richmond KY HQ with Lexington office,,,eliteperformanceplumbingky.com,
Kentucky Plumbing (KYPD),Lexington,Jake Selepina,Owner,BBB; ky-pd.com/about,"Family-owned (Jake & Vic Selepina), Nicholasville KY",2,,ky-pd.com,
GraceLand Air LLC,Lexington,Paul Lagoda,Owner,BBB; countyadvisoryboard.com,"Based in Lancaster KY (~35 mi), serves south Lexington",-2,,,
Engineered Heating and Air,Lexington,,,pitchbook.com,Acquired Feb 2023 by Leap Service Partners (private-equity platform),,acquired by private-equity platform Leap Service Partners (2023),,
Pipe Surgeon Plumbing,Lexington,Jake Miller II,CEO / Founder,pipesurgeonplumbing.com/meet-the-team,Founder-led local plumber,2,,pipesurgeonplumbing.com,
"All In One Plumbing, Heating And Cooling",Lexington,David Shepherd,Owner,BBB (Prestonsburg KY),HQ Prestonsburg KY (~115 mi east); advertises into Lexington,-4,,,
Ware’s Heating & Cooling,Lexington,Matt Ware,Co-Owner,BBB; warehvac.com/about,"Family-owned (Matt & Windy Ware), Georgetown KY",2,,warehvac.com,
Lexington Electrical & HVAC,Lexington,David Boggs,Owner,lexelectricalandhvac.com/about; BBB,Veteran-owned; master HVAC + master electrician,2,,lexelectricalandhvac.com,
"Air Control Heating and Air Conditioning of Lexington, Inc",Lexington,,,mergr.com,"Acquired June 30, 2025 by Leap Service Partners (private-equity platform)",,acquired by private-equity platform Leap Service Partners (2025),,
Brewers Heating and Cooling,Lexington,Donnie Brewer,Owner,BBB,Family business since 1992 (Irvine/Lexington KY),1,,brewerhvacky.com,
Joseph's Heating And Air,Lexington,Ernest Joseph,Owner,BBB (Richmond KY),Richmond KY (Lexington metro),1,,,
All-Pro Plumbing,Lexington,Joseph Lemaster,Owner,BBB (Prestonsburg KY); Yelp Georgetown,HQ Prestonsburg KY with Georgetown KY location,-2,,,
1st Service Heating and Air,Lexington,Butch Garey,Owner / President,1stservicehvac.com/about; BBB (Roy A. Garey),Waco/Richmond KY; father-son operation,1,,1stservicehvac.com,
ProTech Heating and Air,Lexington,Josh Reece,Owner / President,BBB (Richmond KY); thecoolestcustomers.com,Richmond KY,1,,thecoolestcustomers.com,
"Whitehead-Hancock Plumbing, Heating & Cooling",Lexington,Joe Hancock,Owner,whitehead-hancock.com/our-team; Yelp Q&A,"3rd-generation family company, Frankfort KY (serves Lexington/Georgetown)",,,whitehead-hancock.com,
Schmucker Roofing,Fort Wayne,Leroy Schmucker,Owner,linkedin; schmuckerroofing.com,"Owner-operated, 15+ yrs in roofing",2,,schmuckerroofing.com,
Victors Home Solutions,Fort Wayne,,,pitchbook.com; mergerlinks.com,Detroit-based; acquired July 2023 by Alpine Investors-backed Vertex Services Partners; Fort Wayne is a branch,,acquired by private-equity platform Vertex Services Partners / Alpine Investors (2023),,
Landmark Roofing,Fort Wayne,Perry Schwartz,Founder / President,linkedin; landmarkroofingexperts.com/about,"Founded 2015, founder-led",2,,landmarkroofingexperts.com,
Shield Exteriors,Fort Wayne,Brad Ledgerwood,Owner,linkedin; BBB (Garrett IN),Garrett IN (Fort Wayne metro); metal roofing specialist,1,,shieldexteriors.com,
TruChoice Roofing,Fort Wayne,Mervin Wickey,Owner,linkedin; truchoiceroofing.com,Owner-led local roofer,2,,truchoiceroofing.com,
Better Way Roofing,Fort Wayne,Lyle Lehman,Owner,betterwayroofing.com/about,"Amish-led, owner-operated; HQ Shipshewana IN (~50 mi)",-2,,betterwayroofing.com,
Maumee River Roofing,Fort Wayne,Sam Schwartz,CEO,linkedin; maumeeriverconstruction.com/about-us,Founded 2018; Ian Kosier office manager (BBB),1,,maumeeriverconstruction.com,
Horner Roofing & Siding LLC,Fort Wayne,Micah Horner,Owner,hornerroofingandsiding.com/about-us,Family-owned since 2015 (Micah & Jessica Horner),2,,hornerroofingandsiding.com,
4Ever Metal Roofing,Fort Wayne,Travis Sliger,Owner,BBB; 4evermetalroofing.com,"Metal roofing specialist, Fort Wayne",1,,4evermetalroofing.com,
Equity Roofing Inc,Fort Wayne,,,facebook (Goshen IN); networx (Middlebury IN),HQ Goshen/Middlebury IN (~60 mi); owner not found,-2,,,
Schmucker Quality Construction LLC,Fort Wayne,Jason Schmucker,Founder / CEO,BBB; schmuckerqualityconstructionllc.com/about,"Family-owned since 2013 (Jason & Deborah Schmucker), Spencerville IN",1,,schmuckerqualityconstructionllc.com,
Priority Exteriors LLC,Fort Wayne,Zach Allen,Owner,BBB; priorityfw.com/about-us,"Owner-led, Fort Wayne",1,,priorityfw.com,
Eads Roofing & Exteriors,Fort Wayne,Clayton Eads,Founder / Owner,eadsroofing.com/about,HQ Zionsville IN (Indianapolis); Fort Wayne is an expansion branch,-4,,eadsroofing.com,
"Paschal Air, Plumbing & Electric",Springfield,Steve Rook,General Manager (Southwest Missouri division),sbj.net; gopaschal.com/meet-the-team,"Independently owned (Charley Boyce, Springdale AR HQ), not PE; multi-state operator; Springfield is the former Larson Heating & Air, run by its ex-owner as division GM",,,,
Dorrian Heating & Cooling,Des Moines,Michael Heilman,President / Owner,dsmpartnership.com directory; dorrianheating.com,"Founded 1975 (Don Dorrian Sr.), Waukee IA",1,,,
Veteran Heating and Cooling,Des Moines,,,veteranphc.com,"Veteran-owned, Urbandale IA; newer company; owner name not published: ask for the owner",,,veteranphc.com,
TMJ Construction Services,Des Moines,,,omniaexteriorsolutions.com newsroom,Joined Omnia Exterior Solutions (private-equity backed exterior roll-up platform); Ames IA HQ,,joined private-equity backed platform Omnia Exterior Solutions,,
Long Heating and Cooling,Springfield,,,web search 2026-09-25,owner name not found online: ask for the owner,,,,
Patriot Heat & Air,Springfield,Miranda Rought,Owner,BBB,"Hollister MO (Branson area, ~40 mi from Springfield); serves Springfield",-2,,,
Mr. Electric of Southwest Missouri,Springfield,Nathanael Toms,Owner (franchisee),linkedin; BBB; patch.com,Mr. Electric (Neighborly) franchise; owner-operated since 2009; Franchisee of the Year 2017,,,mrelectric.com/southwest-missouri,
Advanced Restorations,Springfield,Chris Short,Co-Owner,BBB; linkedin,Founded 2014; co-owned with Damien Wilson; 11-50 employees,1,,,
Mr Electric of Central Iowa,Des Moines,,,mrelectric.com/central-iowa/our-team,"Mr. Electric (Neighborly) franchise, locally owned since 2001; owner listed only as 'Faith' (owner/HR manager): ask for the owner",,,mrelectric.com/central-iowa,
1-Tom-Plumber Tulsa,Tulsa,Brent Richardson,Owner (franchisee),BBB,1-Tom-Plumber franchise; Tulsa location,,,1tomplumber.com/tulsa,
"TCB Heating, Cooling and Handyman Services",Springfield,Travis Cummings,Owner,facebook; BBB (Marshfield MO),"Family-owned, Marshfield MO (~25 mi); serves Springfield",-1,,tcbhomeservices.com,
Clear Choice Exteriors & Bath Makeover,Des Moines,Rob Nevitt,Owner,linkedin; clearchoicedsm.com/about-us,Co-owned with Steve Dillon; windows/bath-first remodeler that also does roofing (Roof Maxx); Waukee/Urbandale,-2,,,
Mr. Rooter Plumbing of Grand Rapids,Grand Rapids,Matt Engel,Owner (franchisee),pmmag.com; BBB,Mr. Rooter (Neighborly) franchise; Grand Rapids & Kalamazoo,,,mrrooter.com/kent-county,
Benjamin Franklin Plumbing of Grand Rapids,Grand Rapids,Bob Evenhouse,Owner / President (franchisee),linkedin; 1851franchise.com,Benjamin Franklin (Authority Brands) franchise; owner-operated,,,benjaminfranklinplumbing.com/grand-rapids,
Indianola Mechanical,Des Moines,Dan Hodges,President,linkedin; BBB,"Founded 1987, Indianola IA (~20 mi south of Des Moines)",-1,,,
Wagoner Roofing,Des Moines,Justin Wagoner,Owner,BBB; wagonerroofingiowa.com/about-us,Veteran-owned; Urbandale IA,1,,,
FTS Heating & Cooling (Formerly Bertsch Heating & Air Conditioning),Springfield,,,fixedtostay.com/bertsch-heating-air,Family-owned FTS (Marshfield/Lebanon MO) acquired Bertsch in 2023; owner name not published: ask for the owner,-1,,fixedtostay.com/bertsch-heating-air,
Home Run Plumbing,Des Moines,DeAnne Murray,Founder / Owner,homerunplumbing.com/about,De Soto IA (west of Des Moines),1,,homerunplumbing.com,
One Hour Heating and Air Conditioning of Springfield,Springfield,,,onehourheatandair.com/springfield,One Hour (Authority Brands) franchise; franchisee name not published,,,onehourheatandair.com/springfield,
1-Tom-Plumber,Des Moines,,,1tomplumber.com/desmoines,"1-Tom-Plumber franchise, Carlisle IA; franchisee name not published",,,1tomplumber.com/desmoines,
Home Comfort Experts,Fort Wayne,,,pitchbook.com,"Acquired May 2020 by TurnPoint Services (Trivest private-equity platform); ~8.7k reviews, multi-location",,acquired by private-equity platform TurnPoint Services (2020),,
"Gibson's Heating & Plumbing, Inc.",Fort Wayne,Mark Gibson,Owner,gibsonsheating.com/about-us; linkedin,"Founded 1983 with wife Christine (co-owner); Waterloo IN (~25 mi), serves Fort Wayne",-1,,gibsonsheating.com,
Korte Does It All,Fort Wayne,,,prnewswire.com; blueccap.com,Acquired Dec 2021 by Frontier Service Partners (Blue C Capital); Frontier acquired by Apex Service Partners 2024,,acquired by private-equity platform Frontier Service Partners / Apex (2021),,
Summers Plumbing Heating & Cooling,Fort Wayne,Frank Weaver,Owner (Summers of Fort Wayne Inc.),BBB,"Summers is a multi-location Indiana brand (Kokomo HQ, 20+ locations); Fort Wayne operates as its own corporation",-3,,summersphc.com/fort-wayne,
"Masters Heating, Cooling & Electrical",Fort Wayne,,,globenewswire.com; achrnews.com,Acquired April 2022 by Heartland Home Services (private-equity platform),,acquired by private-equity platform Heartland Home Services (2022),,
"Doc Dancer Plumbing, Heating, A/C & Generators",Fort Wayne,Bill Berning Jr.,Owner,docdancer.com/about-us,"Founded 1946; owned by Bill & Nancy Berning, Steve Biggs, Dale Hubert since 1998",1,,docdancer.com,
Brockman Heating & Air Conditioning,Fort Wayne,Ben Sherman,Co-Owner,BBB; brockmanheating.com,3rd-generation family company since 1957; brothers Ben & Jake Sherman; Ron Sherman president,2,,brockmanheating.com,
T & T Plumbing Heating Air Conditioning & Geothermal,Fort Wayne,,,tt-ph.com; linkedin,"Family-owned since 1983; owner name not published (Billy Brumett on LinkedIn, role unclear): ask for the owner",,,tt-ph.com,
Armor Air,Fort Wayne,,,armorair.com/about-us,Indianapolis-based (owner James Robertson); Fort Wayne is a branch market,-4,,armorair.com,
Collier's Comfort,Fort Wayne,Todd Zeplin,Owner / Founder,collierscomfort.com/about; BBB,"Founded 1996, Ossian IN (Fort Wayne metro)",2,,collierscomfort.com,
Flow-Tech Plumbing,Fort Wayne,David Gareiss,President,BBB; realproducersmagazine.com,Columbia City IN (~20 mi); same company as Flow-Tech Heating & Air (separate LSA account per trade),,,flowtechpandh.com,
Flow-Tech Heating & Air,Fort Wayne,David Gareiss,President,BBB; realproducersmagazine.com,Columbia City IN (~20 mi); same company as Flow-Tech Plumbing (separate LSA account per trade),,,flowtechpandh.com,
"Sheets Heating, Cooling and Plumbing",Fort Wayne,Brian Howell,Owner,BBB,Founded 1961; co-owned with Austin Hanley,1,,callsheetstoday.com,
On Demand Heating & Air Conditioning LLC,Fort Wayne,,,hvacondemand.com/about,Owner-operated by 'Jim' (30 yrs HVAC); surname not published; Auburn IN: ask for the owner,,,hvacondemand.com,
Poorman's Heating and Air Conditioning,Fort Wayne,Steven Baker,President,linkedin; poormansheating.com/about-us,Independently owned since 1978 (Max & Mabel Poorman founders); Ken Sposito VP,1,,poormansheating.com,
Ward's Heating & Cooling LLC,Fort Wayne,,,BBB (Huntington IN),"Started 2022, Huntington IN; owner name not published",-1,,,
Atomic Water Solutions,Fort Wayne,Lee Ketron,President / Owner,linkedin; hbafortwayne.com,"Family-owned, Huntertown IN; plumbing + water conditioning",1,,,
PG Plumbing,Fort Wayne,,,callpgp.com,Described as employee-owned; owner name not published: ask for the owner,,,,
Stiveys Plumbing,Fort Wayne,,,stiveys.com,Hamilton IN (~40 mi); owner name not published,-2,,,
Galaxy Plumbing,Fort Wayne,Nick Cox,Owner,galaxyplumber.com,"Avilla IN; locally owned, ~10 yrs",,,,
Peterman Brothers Heating Cooling Plumbing,Fort Wayne,,,ibj.com; petermanhvac.com,Greenwood IN family-owned ~$100M multi-state operation with central call center; Fort Wayne is a branch,,"large multi-state operator (Peterman Brothers, Greenwood IN, ~$100M); Fort Wayne branch",,
Korte Electric,Fort Wayne,,,prnewswire.com; blueccap.com,"Korte Does It All electrical account; acquired Dec 2021 by Frontier Service Partners (Blue C Capital), later Apex",,acquired by private-equity platform Frontier Service Partners / Apex (2021),,
Flow-Tech Electrical,Fort Wayne,David Gareiss,President,BBB; realproducersmagazine.com,Columbia City IN (~20 mi); same company as Flow-Tech Plumbing / Heating & Air (separate LSA account per trade),,,flowtechpandh.com,
Go With The Flo Plumbing,Fort Wayne,Ryan Wiltermood,Owner,linkedin; gowiththeflo365.com,"Owner-operated (Ryan & Falesha Wiltermood), Waterloo/Auburn IN",1,,gowiththeflo365.com,
Moir Electric,Fort Wayne,,,moirelectric.com,Owner name not published: ask for the owner,,,moirelectric.com,
Three Rivers Electric,Fort Wayne,Nate Cardelli,President,BBB; 3riverselectric.net/about,"Locally owned, minority-owned; Fort Wayne",1,,3riverselectric.net,
Ultimate Electric,Fort Wayne,,,ultimate-electric.com,"Family-owned since 1990, Leo IN; owner name not published: ask for the owner",,,ultimate-electric.com,
JMS Exteriors LLC,Fort Wayne,,,jmsexteriorsllc.com,Family-owned; reviews mention owner 'Joe'; surname not published: ask for the owner,,,jmsexteriorsllc.com,
MJM Mechanical,Fort Wayne,,,mjmfortwayne.com/about-us,Locally owned since 2009; owner name not published: ask for the owner,,,,
Indiana Metal Roofing Systems,Fort Wayne,,,indianametalroofingsystems.com,"Family-owned, Churubusco IN; owner name not published",,,,
Felger Hart Residential Services,Fort Wayne,Tom Felger,Owner,felgerresidential.com/company; wellscoc.com,Residential division launched 2020 of Felger Hart Inc. (since 1983); owners Tom & P.J. Felger; Bluffton/Fort Wayne,1,,felgerresidential.com,
North Side Plumbing & Heating,Fort Wayne,John Hartman,President,BBB; northsideplumbingfw.com,3rd-generation family company since 1929,1,,,
Uber Energy,Fort Wayne,Paul Hoopengarner,CEO,linkedin,EV-charger installation specialist rather than a general service electrician; low missed-call exposure,-3,,,
Men at Work Heating & Cooling,Fort Wayne,David Littlejohn,Owner,zoominfo; yourmenatwork.com/about,Auburn IN (Fort Wayne metro); 30+ yrs,1,,yourmenatwork.com,
Tri-State Exteriors,Fort Wayne,Jacob Ferry,Founder / Owner,tri-stateexteriors.net; pressadvantage.com,Local Fort Wayne roofer; residential + commercial,1,,tri-stateexteriors.net,
"Tom's Air Conditioning, LLC",Springfield,Ashlee Koth,Owner (with Tony Koth),zoominfo; bluecollar.ceo; tomsairconditioning.com/about,3rd-generation family HVAC; HQ Camdenton MO (Lake of the Ozarks) with a Springfield branch,-2,,,
Don's Heating & Air Conditioning,Wichita,Tom Storrer,Owner,BBB (El Dorado KS),El Dorado KS (Wichita metro east); family HVAC,,,,
A. Fricker Roofing,Tulsa,Austin Fricker,Owner / CEO,linkedin; africkerroofing.com/about-us,Founder-led family roofer; residential + commercial,,,,
Coffin Electric,Des Moines,-,,coffinelectric.com,4th-generation family company since 1925 (Grimes IA); current owner name not published: ask for the owner,,,,
Rhoden Roofing LLC,Wichita,John Rhoden,Owner / President,linkedin; rhodenroofing.com/our-team,Founded 2008; residential + commercial,,,,
"Grade A Roofing & Exteriors, LLC",Springfield,Jase Bliss,Owner,sgfcitizen.org; BBB,Family construction background,,,,
VersaCon Roofing & Construction,Wichita,Luke Rivera,Owner,BBB; facebook (The Roofing Academy),3rd-generation craftsman; Mulvane KS (Wichita metro),,,,
"Midwest Roofing Services, Inc.",Wichita,-,,midwestroofingservices.com,Family-owned since 1955; team led by Brandon Lee and Billy; owner name not published: ask for the owner,,,,
Mr. Rooter Plumbing of Sioux Falls,Sioux Falls,-,,mrrooter.com/sioux-falls,Mr. Rooter (Neighborly) franchise; veteran-owned; franchisee name not published,,,mrrooter.com/sioux-falls,
"Lawrence Plumbing, LLC",Omaha,Jason Lawrence,Founder / President,crunchbase; lawrenceplumbingomaha.com/about-us,Family-owned since 2001; La Vista NE; residential service focus since 2022,,,,
Shirley's Heating and Air,Springfield,Joe Shirley,Owner,shirleysheatingandair.com; homeadvisor,Rogersville MO (Springfield metro); established 2018,,,,
Local Plumbing and Drain Company,Omaha,-,,nebraskalocalplumbing.com,owner name not published: ask for the owner,,,nebraskalocalplumbing.com,
Premier Systems,Sioux Falls,Scott Meyer,President / co-founder,premiersystemsroofing.com/about/our-team; BBB,"Co-founded 2002 with Kelly Swee; HQ Sioux Falls with offices in SD, ND, NE, IA, MN, OK (multi-state)",-4,,premiersystemsroofing.com,
Premier Systems,Omaha,Scott Meyer,President / co-founder,premiersystemsroofing.com/about/our-team; BBB,Sioux Falls SD HQ; Omaha is a branch office of a multi-state roofer,-5,,premiersystemsroofing.com,
"Williams Plumbing & Drain Service, INC",Tulsa,,,,,,,williamsplumbinganddrain.com,
Iowa All Pro Heating & Cooling,Des Moines,,,,,,,iowaallprohvacteam.com,
In-Law Plumbing & Drain Services Inc,Lincoln,,,,,,,inlawplumbing.com,
Paschal Air Plumbing & Electric,Tulsa,,,,,,,gopaschal.com,
Mr. Rooter Plumbing of Lexington,Lexington,,,,,,,mrrooter.com/greater-lexington,
AGR Roofing & Construction,Omaha,,,,,,,agrroofingandconstruction.com,
Blakeslee Plumbing & Drains,Grand Rapids,,,,"Plumbing account of Blakeslee & Son (Rockford MI, since 1948)",,,blakesleeandson.com,
"All Klear All Hours Plumbing, Heating & Cooling",Springfield,,,,Locally owned since 2006,,,allklearplumbingheatingandcooling.com,
"Property Revolution, LLC",Grand Rapids,,,,HQ Plainwell/Martin MI with a Grand Rapids office; GAF Master Elite,-1,,mypropertyrevolution.com,
Eyk Plumbing,Grand Rapids,,,,,,,eykplumbing.com,
A Plus Circuit Solutions,Springfield,,,,Electrical + solar; 26+ yrs,,,apluselectricianspringfield.com,
Top Notch Roofing,Sioux Falls,Steven Saenz,Owner,BBB,Incorporated 2023 (also Saenz Construction LLC); young company,,,topnotchroofingsd.com,
"Knight Heating & Air Conditioning of Ozark, MO",Springfield,,,,Family-owned since 1983; one of the larger family HVAC contractors in the area,,,knightheatingandac.com,
JP Heating and Air Conditioning,Grand Rapids,,,,Kalamazoo-based (~50 mi); advertises into Grand Rapids,-3,,jpheatingandairconditioning.com,
Cardinal Plumbing,Springfield,,,,"Family-owned, Republic MO (Springfield metro)",,,cardinalplumbingservice.com,
Water Pros Plumbing,Omaha,Ryan Diamond,Founder / Owner,waterprosomaha.com/about,Family- and veteran-owned; water heaters / water treatment focus,,,waterprosomaha.com,
Waldstein Plumbing,Omaha,Travis Waldstein,Co-founder / Owner,waldsteinplumbing.com/about-us,Council Bluffs IA; founded 2024 by Hayden & Travis Waldstein (young company),,,waldsteinplumbing.com,
Holt Electric,Des Moines,,,,,,,holtplumbingandheating.com,
E & C Roofing And Siding,Sioux Falls,,,,Locally owned since 2011,,,roofingcompanysiouxfallssd.com,
Kingdom Krafters,Springfield,,,,Founded 2021; GAF certified,,,kingdomkrafters.com,
JS Russell Electric l Omaha Electrician,Omaha,,,,,,,jsrussellelectric.com,
Apex Services,Omaha,Marc Chard,Founder / Co-owner,apexcomfort.com/about,Founded 2004; co-owned with Spencer Satorie since 2020; Elkhorn NE (not Apex Service Partners),,,apexcomfort.com,
All Seasons Comfort Systems,Springfield,-,,allseasonscomfortsystems.com/about; BBB,"Family-owned since 1981, Reeds Spring MO with an Ozark office; owner name not published (not Comfort Systems USA)",,,allseasonscomfortsystems.com,
Plumbing Today HVAC,Omaha,Ken Pringle,Founder / Owner,linkedin; plumbingtodayomaha.com/about-us,Master plumber; founded 2009; locally owned (not the Florida 'Today' brands),,,plumbingtodayomaha.com,
"J-Pimentel Companies, LLC",Sioux Falls,David Pimentel,Founder / Owner,jpc123.com,,,,,
Better Solutions Roofing & Construction,Wichita,-,,,owner name not published; 1 year in business,,,,
Blue Water Restoration,Lincoln,Stacy Justice,Co-Founder,bluewaterrestoration.com,,,,,
Dave's Heating And Air,Lincoln,Dave Cunning,Founder / Owner,davesheatingandairlincoln.com/about-us,Family-owned since 1986,,,,
Dream Team Roofing,Tulsa,-,,BBB (Moore OK),"HQ Moore OK (Oklahoma City area); advertises into Tulsa; Sara Clark is financial officer, owner name not published",-3,,,
Dolphin Roofing & Remodeling,Wichita,Chris Martin,Owner,linkedin; dolphinroofs.com,,,,,
Murray Roofing,Lincoln,Matt Murray,Head of operations (family owner),murrayroofingllc.com/about-us,Family company since 2007 (founder Jim Murray); Lincoln + Omaha + Grand Island,,,,
"Burwell Construction, Inc",Wichita,George Burwell,Owner,linkedin; zoominfo,Roofing since the mid-1980s; Goddard KS (Wichita metro),,,,
Wichita Roofing Pros,Wichita,Brandon Ebaugh,Owner,wichitaroofingpros.com/about,Family-owned; Best of Wichita 2023,,,,
Skyline Construction Inc,Lincoln,Mark Arthofer,Owner,buildzoom license record,Since 1982; roofing + restoration; multiple Midwest locations,,,,
HD Roofing,Wichita,Hunter Jones,Co-owner (with Wyatt Clark),BBB; hdroofingks.com/meet-the-team,Established 2023; Derby KS,,,,
Grapids Home Services,Grand Rapids,Nathan Engelsma,Owner / President,linkedin; BBB,~5.6k reviews: large local operation,,,,
Delta T heating & Cooling LLC,Grand Rapids,Brandon VanDyke,Founder / Owner,linkedin; deltatgr.com,,,,,
Great Lakes Building Concepts,Grand Rapids,-,,greatlakesbuildingconcepts.com,"Family-owned, Hudsonville MI; owner 'Aaron' (surname not published): ask for Aaron",,,,
Platinum Heating & Cooling,Grand Rapids,Brice Genrich,Founder / CEO,linkedin; platinumheatingmi.com/about-us,Launched April 2024; Jenison MI,,,,
Doctor Rooter Plumbing,Lexington,-,,doctorrooterllc.com,Owner name not published (site mentions 'Billy'); 10+ yrs; Lexington/Richmond/Berea: ask for the owner,,,,
